Timestamp,CAN_ID,ECU,DLC,DATA0,DATA1,DATA2,DATA3,DATA4,DATA5,DATA6,DATA7,Binary_Label,Flag,Severity
0.004458,0080,Airbag,8,95,255,0,254,4,255,0,255,0,Normal,Low
0.006139,0240,Wheel,8,47,53,55,47,54,3,0,0,0,Normal,Low
0.013651,00C0,ABS,8,51,1,104,103,0,0,168,183,0,Normal,Low
0.015956,01C0,Battery,8,112,95,2,200,0,3,1,0,0,Normal,Low
0.016519,0130,Engine,8,20,135,49,0,105,1,251,5,0,Normal,Low
0.022511,0220,Body,8,94,3,5,0,0,0,0,255,0,Normal,Low
0.025067,0130,Engine,8,15,142,51,3,97,0,252,0,0,Normal,Low
0.034908,0080,Airbag,8,93,253,0,255,0,252,1,255,0,Normal,Low
0.03553,00A0,ABS,8,50,0,101,97,0,0,168,192,0,Normal,Low
0.040899,0100,Engine,8,18,142,45,0,105,2,255,4,0,Normal,Low
0.050577,0140,Steering,8,80,133,0,130,0,0,18,29,0,Normal,Low
0.059556,01C0,Battery,8,110,98,0,197,0,0,3,0,0,Normal,Low
0.064992,0080,Airbag,8,93,250,5,255,0,255,0,254,0,Normal,Low
0.070291,0220,Body,8,92,2,2,0,0,0,0,255,0,Normal,Low
0.07393,0220,Body,8,93,0,5,5,4,0,1,255,0,Normal,Low
0.081003,01C0,Battery,8,108,96,5,202,0,5,4,4,0,Normal,Low
0.083421,0120,Engine,8,19,136,50,4,99,0,255,3,0,Normal,Low
0.090508,00A0,ABS,8,47,1,95,100,3,3,174,183,0,Normal,Low
0.096986,00C0,ABS,8,45,0,105,95,0,2,175,187,0,Normal,Low
0.101303,0260,ADAS,8,68,16,33,53,70,80,101,121,0,Normal,Low
0.102082,0200,Body,8,93,0,6,5,0,0,0,255,0,Normal,Low
0.110867,0220,Body,8,98,0,0,0,0,0,0,255,0,Normal,Low
0.112084,01A0,Battery,8,112,95,1,198,0,0,0,0,0,Normal,Low
0.11479,0240,Wheel,8,46,45,47,46,53,0,0,1,0,Normal,Low
0.118324,00A0,ABS,8,46,0,102,97,4,0,169,191,0,Normal,Low
0.123881,0130,Engine,8,15,133,46,0,103,0,255,3,0,Normal,Low
0.130625,0240,Wheel,8,51,45,53,47,54,3,0,4,0,Normal,Low
0.138369,0130,Engine,8,18,139,52,0,100,5,250,1,0,Normal,Low
0.142228,0080,Airbag,8,96,255,2,250,0,255,1,254,0,Normal,Low
0.14392,00A0,ABS,8,52,0,102,96,0,4,167,182,0,Normal,Low
0.153351,01A0,Battery,8,110,103,0,202,2,2,0,1,0,Normal,Low
0.155942,0160,Transmission,8,32,0,3,7,67,126,5,2,0,Normal,Low
0.165219,0140,Steering,8,83,132,3,132,0,0,21,34,0,Normal,Low
0.173787,0080,Airbag,8,101,253,0,251,3,251,0,254,0,Normal,Low
0.179672,0140,Steering,8,79,126,2,127,2,5,17,35,0,Normal,Low
0.182539,0260,ADAS,8,67,13,37,46,71,88,107,119,0,Normal,Low
0.185308,0280,ADAS,8,69,13,35,53,64,85,100,121,0,Normal,Low
0.188693,0100,Engine,8,13,136,54,1,99,4,255,0,0,Normal,Low
0.19517,0180,Transmission,8,27,3,2,8,62,133,0,0,0,Normal,Low
0.202578,0200,Body,8,94,3,0,0,0,0,0,255,0,Normal,Low
0.203134,0120,Engine,8,20,142,47,0,98,0,255,4,0,Normal,Low
0.206546,01A0,Battery,8,107,98,1,201,5,4,1,5,0,Normal,Low
0.21313,0260,ADAS,8,68,20,33,54,67,88,98,124,0,Normal,Low
0.218164,0280,ADAS,8,69,14,35,46,64,81,101,124,0,Normal,Low
0.221654,0240,Wheel,8,49,52,46,51,55,0,1,0,0,Normal,Low
0.231562,0080,Airbag,8,98,252,5,250,0,252,5,254,0,Normal,Low
0.240739,0220,Body,8,93,0,1,5,5,0,1,250,0,Normal,Low
0.244604,0260,ADAS,8,59,17,39,52,70,82,106,119,0,Normal,Low
0.25331,01A0,Battery,8,115,97,2,202,0,2,0,0,0,Normal,Low
0.2577,0280,ADAS,8,62,21,37,51,70,84,106,117,0,Normal,Low
0.26657,01C0,Battery,8,108,97,0,203,0,5,0,1,0,Normal,Low
0.268259,00C0,ABS,8,46,5,98,95,0,0,169,191,0,Normal,Low
0.271125,0180,Transmission,8,36,5,1,3,64,129,0,4,0,Normal,Low
0.272775,0260,ADAS,8,66,22,34,49,67,81,99,124,0,Normal,Low
0.276029,00A0,ABS,8,51,0,97,103,0,0,168,186,0,Normal,Low
0.285327,00A0,ABS,8,44,0,98,95,0,0,165,184,0,Normal,Low
0.289418,0240,Wheel,8,43,47,47,55,53,3,0,2,0,Normal,Low
0.297707,0200,Body,8,92,0,0,0,1,0,0,255,0,Normal,Low
0.307327,01A0,Battery,8,110,103,0,201,0,0,0,0,0,Normal,Low
0.312316,0130,Engine,8,19,135,51,0,102,0,254,0,0,Normal,Low
0.320134,0120,Engine,8,19,142,49,0,99,0,255,4,0,Normal,Low
0.324135,0220,Body,8,99,0,2,0,0,5,3,252,0,Normal,Low
0.329042,0130,Engine,8,12,143,54,0,96,1,252,0,0,Normal,Low
0.333809,0100,Engine,8,17,137,49,0,103,3,253,0,0,Normal,Low
0.340361,0240,Wheel,8,45,49,48,46,55,0,5,1,0,Normal,Low
0.346164,0180,Transmission,8,30,1,3,2,59,127,4,1,0,Normal,Low
0.350948,0280,ADAS,8,60,19,36,49,72,80,102,116,0,Normal,Low
0.356267,0160,Transmission,8,28,5,5,1,61,125,0,5,0,Normal,Low
0.356811,0100,Engine,8,13,133,45,0,96,3,254,0,0,Normal,Low
0.361886,0160,Transmission,8,32,6,0,0,59,133,1,0,0,Normal,Low
0.365323,00C0,ABS,8,44,1,97,102,0,2,175,184,0,Normal,Low
0.371842,0220,Body,8,94,1,0,1,6,0,0,255,0,Normal,Low
0.381347,0260,ADAS,8,64,13,36,51,64,89,101,115,0,Normal,Low
0.386844,0080,Airbag,8,92,255,5,255,3,255,5,252,0,Normal,Low
0.389623,0180,Transmission,8,33,0,0,0,61,129,0,0,0,Normal,Low
0.391912,0240,Wheel,8,53,45,48,54,52,1,3,0,0,Normal,Low
0.397765,0240,Wheel,8,47,51,45,47,55,0,0,2,0,Normal,Low
0.398375,00A0,ABS,8,50,5,103,105,0,3,172,188,0,Normal,Low
0.406534,00A0,ABS,8,44,0,97,102,4,2,165,187,0,Normal,Low
0.415186,01C0,Battery,8,112,101,3,203,2,0,5,0,0,Normal,Low
0.419714,0130,Engine,8,14,140,52,4,103,0,255,0,0,Normal,Low
0.42538,0280,ADAS,8,64,20,33,54,68,82,102,115,0,Normal,Low
0.426851,0240,Wheel,8,50,52,54,48,51,0,5,0,0,Normal,Low
0.435119,0260,ADAS,8,64,18,35,54,64,80,102,124,0,Normal,Low
0.444321,0080,Airbag,8,101,253,5,250,0,255,4,255,0,Normal,Low
0.444823,0080,Airbag,8,95,255,1,255,5,252,0,255,0,Normal,Low
0.44834,01C0,Battery,8,113,98,0,202,0,0,0,4,0,Normal,Low
0.456832,0260,ADAS,8,61,12,36,48,65,87,105,124,0,Normal,Low
0.466345,0160,Transmission,8,32,0,0,0,61,124,0,0,0,Normal,Low
0.472501,01C0,Battery,8,117,103,0,198,1,0,1,0,0,Normal,Low
0.477224,0100,Engine,8,13,143,47,3,100,0,251,5,0,Normal,Low
0.480336,01C0,Battery,8,110,103,4,202,0,0,0,2,0,Normal,Low
0.483996,0080,Airbag,8,96,255,5,255,0,255,4,253,0,Normal,Low
0.484707,0130,Engine,8,14,138,49,2,102,0,250,5,0,Normal,Low
0.492683,00C0,ABS,8,52,4,96,100,0,4,171,187,0,Normal,Low
0.498098,0080,Airbag,8,100,251,3,253,4,254,0,252,0,Normal,Low
0.502592,0140,Steering,8,82,128,0,128,0,0,16,30,0,Normal,Low
0.507338,0240,Wheel,8,50,49,48,51,46,0,1,0,0,Normal,Low
0.512989,0080,Airbag,8,100,255,0,255,0,255,0,255,0,Normal,Low
0.515932,0100,Engine,8,15,138,48,3,95,0,255,0,0,Normal,Low
0.517709,0130,Engine,8,21,137,51,3,96,2,255,0,0,Normal,Low
0.527402,0220,Body,8,92,4,5,1,0,5,0,255,0,Normal,Low
0.529496,00A0,ABS,8,53,0,100,95,0,0,173,191,0,Normal,Low
0.536941,0100,Engine,8,21,139,47,5,100,1,254,5,0,Normal,Low
0.544931,0080,Airbag,8,96,255,2,251,0,250,0,254,0,Normal,Low
0.54899,0080,Airbag,8,95,255,5,250,2,255,3,255,0,Normal,Low
0.549603,0100,Engine,8,12,141,54,0,101,0,251,5,0,Normal,Low
0.553663,0240,Wheel,8,44,54,50,51,46,0,3,0,0,Normal,Low
0.559976,01C0,Battery,8,107,98,1,203,5,0,0,3,0,Normal,Low
0.563008,01C0,Battery,8,117,99,0,202,0,0,1,0,0,Normal,Low
0.572973,0130,Engine,8,20,134,46,0,103,0,255,0,0,Normal,Low
0.577139,0220,Body,8,95,0,0,0,0,5,0,253,0,Normal,Low
0.584826,0080,Airbag,8,101,253,0,255,0,255,5,255,0,Normal,Low
0.586029,0080,Airbag,8,97,255,0,255,0,254,3,255,0,Normal,Low
0.592712,0140,Steering,8,81,124,0,128,2,4,15,34,0,Normal,Low
0.595534,0200,Body,8,99,0,5,1,2,3,5,251,0,Normal,Low
0.596133,01C0,Battery,8,108,99,0,203,0,5,0,3,0,Normal,Low
0.604338,0240,Wheel,8,50,55,49,46,51,0,0,1,0,Normal,Low
0.605025,01C0,Battery,8,113,99,0,200,4,0,0,0,0,Normal,Low
0.613639,0200,Body,8,92,0,0,0,2,4,0,255,0,Normal,Low
0.621626,0260,ADAS,8,69,21,34,47,71,90,97,121,0,Normal,Low
0.628528,0280,ADAS,8,60,14,33,55,66,90,105,118,0,Normal,Low
0.631125,0120,Engine,8,19,140,47,0,100,0,250,0,0,Normal,Low
0.639328,0120,Engine,8,11,134,53,0,100,4,255,0,0,Normal,Low
0.648536,00C0,ABS,8,47,1,97,102,0,2,171,186,0,Normal,Low
0.653541,0120,Engine,8,12,143,51,3,101,0,255,1,0,Normal,Low
0.662489,0080,Airbag,8,95,255,0,254,0,252,1,255,0,Normal,Low
0.670565,0130,Engine,8,11,133,55,0,103,1,255,2,0,Normal,Low
0.673005,0180,Transmission,8,36,2,5,8,69,127,0,5,0,Normal,Low
0.677387,00C0,ABS,8,48,4,96,103,0,1,166,186,0,Normal,Low
0.68405,0200,Body,8,93,0,4,0,0,0,0,255,0,Normal,Low
0.691368,00A0,ABS,8,47,0,104,97,0,0,173,189,0,Normal,Low
0.693243,0200,Body,8,94,3,4,0,2,0,0,255,0,Normal,Low
0.694154,0180,Transmission,8,33,0,1,2,60,130,1,0,0,Normal,Low
0.696845,0180,Transmission,8,27,4,0,3,66,133,5,1,0,Normal,Low
0.702393,00A0,ABS,8,46,0,104,104,3,4,169,189,0,Normal,Low
0.707717,0130,Engine,8,18,133,46,4,104,0,253,5,0,Normal,Low
0.708668,0100,Engine,8,21,137,50,0,100,5,250,0,0,Normal,Low
0.716702,0100,Engine,8,19,139,55,1,105,0,250,4,0,Normal,Low
0.72663,0280,ADAS,8,69,12,36,51,72,85,106,116,0,Normal,Low
0.734587,00A0,ABS,8,50,0,101,95,2,0,173,190,0,Normal,Low
0.740094,0180,Transmission,8,30,6,2,0,61,129,0,0,0,Normal,Low
0.746618,0280,ADAS,8,64,17,36,55,70,84,102,116,0,Normal,Low
0.747897,0130,Engine,8,15,138,45,0,105,0,254,3,0,Normal,Low
0.755012,0120,Engine,8,18,138,46,3,103,4,255,0,0,Normal,Low
0.755788,0240,Wheel,8,47,55,45,51,49,0,4,5,0,Normal,Low
0.762455,0120,Engine,8,20,142,46,4,104,5,255,3,0,Normal,Low
0.77091,00C0,ABS,8,43,0,95,98,0,5,175,186,0,Normal,Low
0.780571,0160,Transmission,8,37,3,0,6,65,125,3,0,0,Normal,Low
0.784595,0080,Airbag,8,94,255,1,252,0,255,0,255,0,Normal,Low
0.792409,0160,Transmission,8,35,5,0,4,69,126,1,0,0,Normal,Low
0.80221,00C0,ABS,8,44,1,104,99,0,0,168,191,0,Normal,Low
0.80477,0260,ADAS,8,66,16,36,51,70,80,102,122,0,Normal,Low
0.807809,0180,Transmission,8,30,1,4,1,66,124,0,0,0,Normal,Low
0.80987,0160,Transmission,8,37,0,3,0,63,123,0,0,0,Normal,Low
0.818539,0220,Body,8,95,2,0,0,6,1,3,255,0,Normal,Low
0.820938,0180,Transmission,8,34,0,6,0,59,124,0,0,0,Normal,Low
0.829809,01C0,Battery,8,108,101,4,197,0,0,0,0,0,Normal,Low
0.838089,0130,Engine,8,13,137,50,0,95,0,255,3,0,Normal,Low
0.846563,0160,Transmission,8,33,0,3,0,67,126,4,0,0,Normal,Low
0.851381,0120,Engine,8,18,139,49,0,97,1,255,0,0,Normal,Low
0.856627,00C0,ABS,8,47,3,98,100,0,0,166,189,0,Normal,Low
0.860215,00A0,ABS,8,44,0,105,102,3,4,171,189,0,Normal,Low
0.869044,0200,Body,8,99,0,0,0,0,2,2,252,0,Normal,Low
0.872969,0240,Wheel,8,43,49,54,46,49,0,2,2,0,Normal,Low
0.875817,0140,Steering,8,79,124,0,123,0,0,16,27,0,Normal,Low
0.879268,00C0,ABS,8,47,0,102,100,0,2,173,183,0,Normal,Low
0.879871,0260,ADAS,8,59,20,29,47,70,86,102,117,0,Normal,Low
0.884125,0240,Wheel,8,47,54,48,52,53,0,0,3,0,Normal,Low
0.890973,00C0,ABS,8,43,0,101,97,5,5,166,191,0,Normal,Low
0.892308,0120,Engine,8,12,137,52,0,103,2,255,5,0,Normal,Low
0.897199,0280,ADAS,8,68,20,29,52,65,81,106,118,0,Normal,Low
0.899668,0100,Engine,8,14,138,51,2,96,2,255,0,0,Normal,Low
0.905485,0240,Wheel,8,44,51,48,45,52,0,4,4,0,Normal,Low
0.913479,0140,Steering,8,82,124,0,129,0,0,11,33,0,Normal,Low
0.922101,01C0,Battery,8,111,103,4,195,0,5,0,0,0,Normal,Low
0.925472,01A0,Battery,8,109,97,0,204,5,0,1,2,0,Normal,Low
0.926591,0120,Engine,8,16,141,52,0,99,0,251,4,0,Normal,Low
0.930573,00A0,ABS,8,51,2,95,103,0,0,165,186,0,Normal,Low
0.931283,0100,Engine,8,19,135,53,4,103,0,255,0,0,Normal,Low
0.93954,0140,Steering,8,82,130,5,127,0,0,18,28,0,Normal,Low
0.945337,0080,Airbag,8,92,254,1,255,0,255,0,255,0,Normal,Low
0.950679,0140,Steering,8,79,130,0,127,4,0,21,32,0,Normal,Low
0.96048,0080,Airbag,8,94,254,3,254,0,254,3,255,0,Normal,Low
0.969185,0280,ADAS,8,63,18,34,55,63,80,106,122,0,Normal,Low
0.974045,01C0,Battery,8,114,99,0,198,5,3,0,2,0,Normal,Low
0.975466,0120,Engine,8,17,139,48,0,103,5,255,0,0,Normal,Low
0.985292,0240,Wheel,8,47,53,45,55,48,0,0,2,0,Normal,Low
0.994216,01C0,Battery,8,113,95,0,205,5,1,1,0,0,Normal,Low
0.997693,00C0,ABS,8,46,5,99,101,0,0,168,185,0,Normal,Low
1.002412,0080,Airbag,8,95,251,2,251,3,255,0,254,0,Normal,Low
1.003896,00A0,ABS,8,50,0,101,103,0,4,165,187,0,Normal,Low
1.009993,0260,ADAS,8,69,18,32,55,65,90,107,116,0,Normal,Low
1.016788,0280,ADAS,8,69,22,33,49,72,80,98,124,0,Normal,Low
1.018716,00A0,ABS,8,43,0,100,104,0,4,173,183,0,Normal,Low
1.028216,0120,Engine,8,13,137,54,0,100,0,254,0,0,Normal,Low
1.031232,00A0,ABS,8,43,0,99,101,5,1,165,183,0,Normal,Low
1.031986,00A0,ABS,8,50,5,99,99,0,5,175,184,0,Normal,Low
1.034645,01A0,Battery,8,115,104,2,199,0,0,0,0,0,Normal,Low
1.037022,00C0,ABS,8,52,2,96,103,3,0,171,182,0,Normal,Low
1.041221,0280,ADAS,8,64,17,31,55,68,85,102,114,0,Normal,Low
1.048164,0260,ADAS,8,61,20,37,47,73,87,99,118,0,Normal,Low
1.050265,0240,Wheel,8,44,51,54,46,55,3,0,4,0,Normal,Low
1.055489,0200,Body,8,92,0,3,0,0,3,1,251,0,Normal,Low
1.064361,00C0,ABS,8,52,2,99,102,0,0,170,192,0,Normal,Low
1.06884,0260,ADAS,8,66,19,29,48,68,82,97,123,0,Normal,Low
1.070282,0160,Transmission,8,28,0,0,0,62,124,0,0,0,Normal,Low
1.077633,0130,Engine,8,20,141,52,4,96,4,251,3,0,Normal,Low
1.084048,0280,ADAS,8,66,22,39,50,69,80,106,116,0,Normal,Low
1.093953,0140,Steering,8,84,130,0,129,2,0,13,30,0,Normal,Low
1.097243,0100,Engine,8,16,134,45,0,102,5,254,0,0,Normal,Low
1.100517,00C0,ABS,8,53,5,99,104,0,0,165,189,0,Normal,Low
1.104283,0140,Steering,8,81,131,0,128,2,0,12,35,0,Normal,Low
1.112773,0200,Body,8,94,0,0,4,6,3,3,250,0,Normal,Low
1.118962,0280,ADAS,8,67,16,35,47,72,83,102,117,0,Normal,Low
1.128571,0120,Engine,8,13,135,47,0,96,0,255,0,0,Normal,Low
1.129729,00A0,ABS,8,43,0,102,98,2,0,168,190,0,Normal,Low
1.137327,0130,Engine,8,21,143,55,2,97,2,255,3,0,Normal,Low
1.140227,01C0,Battery,8,117,100,0,197,0,1,0,0,0,Normal,Low
1.141782,0260,ADAS,8,65,22,32,53,71,87,103,119,0,Normal,Low
1.148892,0220,Body,8,99,0,0,3,3,3,5,250,0,Normal,Low
1.150718,0200,Body,8,98,5,0,1,0,4,0,252,0,Normal,Low
1.156509,0120,Engine,8,20,134,48,1,99,0,250,2,0,Normal,Low
1.161004,0240,Wheel,8,48,47,55,51,52,0,3,3,0,Normal,Low
1.169088,0160,Transmission,8,33,6,2,6,62,132,0,0,0,Normal,Low
1.171608,0100,Engine,8,11,133,50,3,105,2,255,0,0,Normal,Low
1.173598,0120,Engine,8,21,140,47,0,103,5,251,0,0,Normal,Low
1.177041,0100,Engine,8,19,139,46,4,104,0,255,0,0,Normal,Low
1.18615,01C0,Battery,8,107,98,0,203,1,5,2,0,0,Normal,Low
1.194471,0200,Body,8,100,1,3,4,5,2,0,251,0,Normal,Low
1.199514,0160,Transmission,8,34,4,2,0,59,124,5,0,0,Normal,Low
1.200041,0260,ADAS,8,59,22,32,53,69,84,106,114,0,Normal,Low
1.205789,0130,Engine,8,19,139,48,0,99,0,250,2,0,Normal,Low
1.211791,0100,Engine,8,18,140,52,4,97,0,255,0,0,Normal,Low
1.218263,0220,Body,8,99,5,3,0,0,3,4,255,0,Normal,Low
1.219253,0260,ADAS,8,64,18,33,49,67,81,104,123,0,Normal,Low
1.228124,0180,Transmission,8,31,5,1,8,59,133,0,0,0,Normal,Low
1.232124,0280,ADAS,8,63,21,38,46,73,89,101,114,0,Normal,Low
1.236014,01C0,Battery,8,110,95,3,202,0,3,0,4,0,Normal,Low
1.245511,00C0,ABS,8,45,0,104,105,0,0,173,187,0,Normal,Low
1.246907,0260,ADAS,8,65,20,31,56,63,84,101,119,0,Normal,Low
1.256796,0200,Body,8,93,5,0,1,0,2,0,255,0,Normal,Low
1.266529,00C0,ABS,8,43,0,100,103,2,0,169,185,0,Normal,Low
1.27055,01C0,Battery,8,117,101,1,203,0,0,0,5,0,Normal,Low
1.275598,0100,Engine,8,18,134,47,0,104,5,254,0,0,Normal,Low
1.279969,0120,Engine,8,11,137,49,1,101,0,250,0,0,Normal,Low
1.288467,0080,Airbag,8,98,254,4,255,1,253,0,254,0,Normal,Low
1.290457,00C0,ABS,8,47,0,100,104,0,1,168,183,0,Normal,Low
1.300047,0140,Steering,8,76,131,0,129,1,5,13,31,0,Normal,Low
1.305906,0220,Body,8,92,0,0,0,0,0,0,253,0,Normal,Low
1.311619,0100,Engine,8,15,134,52,0,95,2,254,1,0,Normal,Low
1.312167,0100,Engine,8,21,141,53,2,101,0,255,5,0,Normal,Low
1.313598,0220,Body,8,97,0,0,0,0,3,1,255,0,Normal,Low
1.322227,0130,Engine,8,11,138,48,0,102,5,255,0,0,Normal,Low
1.330504,00A0,ABS,8,44,0,96,95,0,5,166,190,0,Normal,Low
1.338204,0080,Airbag,8,98,252,5,252,4,255,2,252,0,Normal,Low
1.342162,0200,Body,8,97,4,3,3,0,1,0,255,0,Normal,Low
1.348284,0220,Body,8,95,1,6,0,5,1,0,255,0,Normal,Low
1.354928,01A0,Battery,8,117,104,0,202,4,0,0,0,0,Normal,Low
1.356084,0180,Transmission,8,37,1,3,7,60,133,0,2,0,Normal,Low
1.364762,0080,Airbag,8,93,255,0,255,0,255,2,253,0,Normal,Low
1.373779,0200,Body,8,97,0,0,0,6,1,0,252,0,Normal,Low
1.380933,00C0,ABS,8,49,0,105,104,5,0,169,191,0,Normal,Low
1.38406,01A0,Battery,8,107,99,4,199,0,0,0,0,0,Normal,Low
1.392505,01A0,Battery,8,115,104,5,204,3,0,0,5,0,Normal,Low
1.394652,0220,Body,8,99,3,1,4,0,0,2,252,0,Normal,Low
1.396111,0130,Engine,8,20,136,50,0,100,0,251,0,0,Normal,Low
1.405601,0080,Airbag,8,94,255,1,255,3,255,4,255,0,Normal,Low
1.412336,0140,Steering,8,75,131,0,130,5,0,12,29,0,Normal,Low
1.417135,0120,Engine,8,17,137,50,2,100,5,254,0,0,Normal,Low
1.423315,0280,ADAS,8,63,14,33,53,71,89,103,114,0,Normal,Low
1.431939,0220,Body,8,91,0,2,1,2,4,0,250,0,Normal,Low
1.434391,01C0,Battery,8,111,105,0,203,0,4,5,0,0,Normal,Low
1.440165,0200,Body,8,98,3,0,0,6,0,0,255,0,Normal,Low
1.447669,01C0,Battery,8,112,104,5,196,0,0,0,0,0,Normal,Low
1.454128,0200,Body,8,95,1,0,4,5,0,5,255,0,Normal,Low
1.45513,0260,ADAS,8,68,21,33,46,64,85,100,123,0,Normal,Low
1.460068,0100,Engine,8,13,141,55,5,100,1,255,0,0,Normal,Low
1.46073,0080,Airbag,8,94,255,0,255,0,254,4,250,0,Normal,Low
1.470324,0120,Engine,8,18,140,47,0,104,3,255,1,0,Normal,Low
1.473622,0240,Wheel,8,43,55,49,50,55,0,1,3,0,Normal,Low
1.47568,0280,ADAS,8,60,12,30,48,69,81,102,115,0,Normal,Low
1.483805,00A0,ABS,8,44,0,104,95,4,0,174,182,0,Normal,Low
1.489784,0160,Transmission,8,35,0,0,6,67,128,1,0,0,Normal,Low
1.492899,0240,Wheel,8,47,51,50,48,54,0,0,1,0,Normal,Low
1.502302,0180,Transmission,8,27,3,0,0,61,126,4,2,0,Normal,Low
1.510146,0130,Engine,8,21,139,47,5,103,0,252,0,0,Normal,Low
1.516514,0080,Airbag,8,98,255,0,255,4,255,0,252,0,Normal,Low
1.525524,0160,Transmission,8,34,6,0,2,59,129,0,0,0,Normal,Low
1.535313,0200,Body,8,92,5,0,5,6,4,0,255,0,Normal,Low
1.544129,0120,Engine,8,12,136,48,5,95,0,250,0,0,Normal,Low
1.553646,0140,Steering,8,77,126,1,125,2,2,13,33,0,Normal,Low
1.56273,0280,ADAS,8,64,16,30,48,66,82,101,121,0,Normal,Low
1.566213,00A0,ABS,8,47,3,96,98,4,5,169,190,0,Normal,Low
1.569843,00C0,ABS,8,51,5,101,105,0,5,166,187,0,Normal,Low
1.573317,0080,Airbag,8,98,250,0,255,0,255,0,255,0,Normal,Low
1.57512,01A0,Battery,8,111,96,3,197,0,0,3,4,0,Normal,Low
1.580351,0120,Engine,8,11,142,49,1,103,0,255,0,0,Normal,Low
1.586202,0240,Wheel,8,47,48,45,48,49,1,0,1,0,Normal,Low
1.590848,0160,Transmission,8,31,4,7,4,68,131,1,0,0,Normal,Low
1.593852,00C0,ABS,8,47,5,103,97,0,2,167,187,0,Normal,Low
1.60385,01A0,Battery,8,107,99,4,198,1,4,0,1,0,Normal,Low
1.605139,0160,Transmission,8,27,2,3,3,61,124,0,0,0,Normal,Low
1.614911,01A0,Battery,8,109,102,0,200,5,0,0,5,0,Normal,Low
1.624748,0280,ADAS,8,60,21,38,46,67,81,107,115,0,Normal,Low
1.627036,0120,Engine,8,11,139,53,0,105,2,252,0,0,Normal,Low
1.628006,01C0,Battery,8,111,105,0,203,0,3,4,0,0,Normal,Low
1.635819,0280,ADAS,8,62,14,39,53,63,89,97,123,0,Normal,Low
1.638612,0220,Body,8,97,2,6,0,2,2,3,255,0,Normal,Low
1.64035,01C0,Battery,8,116,99,3,203,0,0,2,0,0,Normal,Low
1.650271,01C0,Battery,8,110,102,0,197,5,5,0,0,0,Normal,Low
1.658291,0130,Engine,8,14,136,55,3,103,0,250,4,0,Normal,Low
1.665497,0130,Engine,8,20,137,46,0,99,4,255,2,0,Normal,Low
1.668384,0220,Body,8,93,5,4,0,3,0,4,253,0,Normal,Low
1.673383,0240,Wheel,8,50,45,53,46,53,3,0,0,0,Normal,Low
1.678374,01C0,Battery,8,117,103,2,199,4,1,0,0,0,Normal,Low
1.687031,0180,Transmission,8,34,0,0,7,62,127,0,2,0,Normal,Low
1.690768,00A0,ABS,8,49,0,96,105,0,1,172,185,0,Normal,Low
1.697745,0100,Engine,8,11,135,52,3,105,0,252,3,0,Normal,Low
1.703281,0130,Engine,8,17,133,53,0,96,3,255,3,0,Normal,Low
1.710423,0280,ADAS,8,66,21,36,53,68,81,100,122,0,Normal,Low
1.717889,0220,Body,8,91,0,4,0,3,0,0,255,0,Normal,Low
1.723797,0120,Engine,8,16,139,54,5,105,1,252,0,0,Normal,Low
1.729336,0100,Engine,8,16,138,50,5,97,4,255,0,0,Normal,Low
1.735089,0160,Transmission,8,37,0,6,2,66,133,0,0,0,Normal,Low
1.742141,00A0,ABS,8,44,0,96,96,0,0,168,186,0,Normal,Low
1.7446,00C0,ABS,8,43,0,95,97,5,1,169,190,0,Normal,Low
1.749155,0260,ADAS,8,63,17,34,55,73,81,107,116,0,Normal,Low
1.758458,0160,Transmission,8,30,2,0,2,68,129,0,0,0,Normal,Low
1.765619,0220,Body,8,95,4,0,5,0,4,0,250,0,Normal,Low
1.771337,01C0,Battery,8,115,95,0,198,4,5,0,0,0,Normal,Low
1.780029,0280,ADAS,8,63,15,39,49,68,81,107,117,0,Normal,Low
1.784465,01A0,Battery,8,110,100,0,201,2,0,0,0,0,Normal,Low
1.788971,01A0,Battery,8,115,103,5,197,0,0,0,0,0,Normal,Low
1.793457,0120,Engine,8,19,142,49,1,104,0,254,0,0,Normal,Low
1.797381,0130,Engine,8,13,136,49,3,103,5,251,0,0,Normal,Low
1.801781,0260,ADAS,8,65,18,35,47,73,86,104,117,0,Normal,Low
1.81014,0180,Transmission,8,37,0,0,3,62,128,2,0,0,Normal,Low
1.810766,0120,Engine,8,18,135,52,0,104,2,254,0,0,Normal,Low
1.819455,0120,Engine,8,14,140,51,0,101,1,255,0,0,Normal,Low
1.823651,0130,Engine,8,12,138,45,0,97,3,255,0,0,Normal,Low
1.82596,0180,Transmission,8,32,2,4,7,68,127,0,0,0,Normal,Low
1.833538,0220,Body,8,97,0,0,5,0,0,0,255,0,Normal,Low
1.838609,00A0,ABS,8,43,0,99,99,0,1,173,187,0,Normal,Low
1.848497,0080,Airbag,8,95,255,0,255,2,255,3,255,0,Normal,Low
1.849007,0120,Engine,8,19,134,47,1,102,1,255,0,0,Normal,Low
1.849849,0200,Body,8,92,0,6,2,5,0,4,255,0,Normal,Low
1.85876,0240,Wheel,8,50,48,52,50,52,1,1,0,0,Normal,Low
1.863128,0080,Airbag,8,93,253,0,254,0,255,4,255,0,Normal,Low
1.868207,00A0,ABS,8,52,2,104,96,0,0,175,191,0,Normal,Low
1.871126,00C0,ABS,8,46,0,103,105,0,0,169,187,0,Normal,Low
1.876302,0100,Engine,8,14,143,55,0,105,4,250,0,0,Normal,Low
1.883582,0180,Transmission,8,31,6,2,3,65,123,0,0,0,Normal,Low
1.892639,0240,Wheel,8,51,45,50,55,50,2,4,1,0,Normal,Low
1.900393,0220,Body,8,93,3,6,0,0,0,0,255,0,Normal,Low
1.905915,0140,Steering,8,80,125,4,128,1,0,16,37,0,Normal,Low
1.914061,0130,Engine,8,17,138,51,0,103,2,255,0,0,Normal,Low
1.91996,0200,Body,8,92,3,0,0,5,4,4,255,0,Normal,Low
1.926883,0260,ADAS,8,59,14,34,50,67,82,97,117,0,Normal,Low
1.93633,00C0,ABS,8,47,0,99,103,2,1,171,192,0,Normal,Low
1.93763,0100,Engine,8,17,138,54,3,103,0,255,0,0,Normal,Low
1.945049,0180,Transmission,8,35,1,5,6,62,128,0,3,0,Normal,Low
1.95354,0220,Body,8,100,4,1,0,0,0,0,251,0,Normal,Low
1.959474,0160,Transmission,8,35,3,7,4,69,123,0,0,0,Normal,Low
1.962392,0240,Wheel,8,52,50,54,49,49,2,0,2,0,Normal,Low
1.969235,0280,ADAS,8,59,21,30,46,69,83,103,114,0,Normal,Low
1.975999,0280,ADAS,8,66,20,38,51,69,90,104,117,0,Normal,Low
1.983814,0240,Wheel,8,45,51,49,55,46,5,0,0,0,Normal,Low
1.985223,0130,Engine,8,11,140,50,0,100,0,255,0,0,Normal,Low
1.988632,0140,Steering,8,77,123,0,131,0,2,18,30,0,Normal,Low
1.993759,0200,Body,8,92,4,3,5,2,0,3,255,0,Normal,Low
1.995339,0080,Airbag,8,95,250,0,255,0,255,0,253,0,Normal,Low
2.00012,00C0,ABS,8,45,3,104,95,0,0,167,188,0,Normal,Low
2.003355,0140,Steering,8,81,127,3,122,3,1,20,32,0,Normal,Low
2.010483,0200,Body,8,98,3,0,2,1,0,0,251,0,Normal,Low
2.012517,0260,ADAS,8,69,14,30,46,68,80,101,120,0,Normal,Low
2.013715,0120,Engine,8,14,134,51,0,104,2,250,0,0,Normal,Low
2.01691,01A0,Battery,8,116,104,5,204,1,0,0,1,0,Normal,Low
2.020659,0180,Transmission,8,31,0,0,4,68,132,4,0,0,Normal,Low
2.022261,0160,Transmission,8,30,4,0,5,69,133,4,1,0,Normal,Low
2.028886,00A0,ABS,8,50,3,103,100,0,0,172,190,0,Normal,Low
2.036019,0280,ADAS,8,63,14,35,53,67,82,99,114,0,Normal,Low
2.041163,0160,Transmission,8,31,1,0,2,63,128,4,0,0,Normal,Low
2.048465,0120,Engine,8,11,139,54,5,105,5,255,3,0,Normal,Low
2.053884,0180,Transmission,8,32,0,5,8,63,124,0,0,0,Normal,Low
2.061132,0180,Transmission,8,27,2,7,4,68,124,0,0,0,Normal,Low
2.066597,0080,Airbag,8,95,255,0,254,5,253,0,252,0,Normal,Low
2.075396,0140,Steering,8,84,133,0,124,3,0,18,27,0,Normal,Low
2.083805,01A0,Battery,8,113,104,5,198,4,0,0,4,0,Normal,Low
2.093411,0200,Body,8,91,1,2,0,6,2,5,252,0,Normal,Low
2.094497,00A0,ABS,8,49,0,105,97,4,0,173,190,0,Normal,Low
2.098874,0240,Wheel,8,53,53,51,51,46,0,4,0,0,Normal,Low
2.108144,0130,Engine,8,20,142,54,5,95,0,252,0,0,Normal,Low
2.117929,0220,Body,8,94,2,2,0,3,5,3,255,0,Normal,Low
2.122019,0080,Airbag,8,95,255,0,250,4,255,0,253,0,Normal,Low
2.126685,01C0,Battery,8,112,97,0,196,0,0,1,0,0,Normal,Low
2.135272,0130,Engine,8,19,134,53,0,98,4,250,0,0,Normal,Low
2.140068,0160,Transmission,8,29,0,5,1,67,132,1,0,0,Normal,Low
2.143495,0240,Wheel,8,47,54,53,48,45,2,0,0,0,Normal,Low
2.14713,00A0,ABS,8,46,3,96,96,5,0,166,182,0,Normal,Low
2.153101,01C0,Battery,8,116,101,0,205,4,0,0,1,0,Normal,Low
2.159733,0160,Transmission,8,32,0,7,4,69,129,5,5,0,Normal,Low
2.160813,0160,Transmission,8,28,3,7,0,69,130,0,0,0,Normal,Low
2.166124,0240,Wheel,8,52,47,47,51,49,0,0,4,0,Normal,Low
2.173919,0160,Transmission,8,30,0,0,2,63,124,0,2,0,Normal,Low
2.17596,01A0,Battery,8,114,98,3,199,2,0,3,0,0,Normal,Low
2.1775,0080,Airbag,8,96,252,0,255,2,254,0,255,0,Normal,Low
2.182055,00A0,ABS,8,46,0,98,102,0,0,173,187,0,Normal,Low
2.189993,00C0,ABS,8,50,5,98,95,1,0,174,184,0,Normal,Low
2.196131,01A0,Battery,8,117,104,1,200,0,2,2,3,0,Normal,Low
2.203956,00A0,ABS,8,51,0,95,97,0,0,167,188,0,Normal,Low
2.206584,01C0,Battery,8,115,100,2,203,0,5,0,0,0,Normal,Low
2.212942,01A0,Battery,8,110,102,3,198,0,4,0,5,0,Normal,Low
2.215249,0200,Body,8,96,0,3,0,0,0,2,255,0,Normal,Low
2.218025,00A0,ABS,8,47,0,97,101,0,0,171,189,0,Normal,Low
2.219687,0140,Steering,8,83,132,4,125,0,1,15,34,0,Normal,Low
2.225417,00C0,ABS,8,43,0,103,105,0,3,167,192,0,Normal,Low
2.226005,0220,Body,8,95,0,4,0,4,2,0,253,0,Normal,Low
2.235742,0080,Airbag,8,92,254,2,255,5,250,0,253,0,Normal,Low
2.241838,0160,Transmission,8,34,2,0,1,65,131,0,4,0,Normal,Low
2.24691,0120,Engine,8,12,143,50,5,99,0,255,0,0,Normal,Low
2.248939,0200,Body,8,95,5,5,0,2,0,0,255,0,Normal,Low
2.257542,0280,ADAS,8,65,21,37,50,63,90,99,124,0,Normal,Low
2.265677,01A0,Battery,8,113,101,0,205,0,0,0,1,0,Normal,Low
2.269343,0260,ADAS,8,65,19,34,47,70,84,107,117,0,Normal,Low
2.276802,0120,Engine,8,18,142,54,1,100,5,255,0,0,Normal,Low
2.285006,00C0,ABS,8,50,0,95,98,0,1,175,186,0,Normal,Low
2.290408,0180,Transmission,8,37,4,6,2,59,125,3,1,0,Normal,Low
2.298931,0240,Wheel,8,53,50,48,51,50,3,1,0,0,Normal,Low
2.301303,00C0,ABS,8,43,0,104,102,3,1,166,188,0,Normal,Low
2.30493,01C0,Battery,8,111,96,0,200,0,2,5,3,0,Normal,Low
2.312341,01A0,Battery,8,116,105,4,199,0,0,0,4,0,Normal,Low
2.321843,0200,Body,8,96,0,5,0,4,0,0,254,0,Normal,Low
2.327959,0240,Wheel,8,43,53,50,55,45,0,0,4,0,Normal,Low
2.331694,0080,Airbag,8,93,252,4,255,5,253,0,255,0,Normal,Low
2.340949,0130,Engine,8,15,142,52,0,100,0,255,0,0,Normal,Low
2.348462,01A0,Battery,8,107,101,0,195,0,0,2,3,0,Normal,Low
2.351772,0240,Wheel,8,48,47,51,50,53,0,1,0,0,Normal,Low
2.353651,0220,Body,8,94,3,0,0,0,3,5,250,0,Normal,Low
2.356607,0160,Transmission,8,30,1,0,4,61,123,0,0,0,Normal,Low
2.362643,0260,ADAS,8,66,14,34,52,64,80,107,122,0,Normal,Low
2.367515,00C0,ABS,8,45,1,96,98,5,0,173,183,0,Normal,Low
2.37041,00A0,ABS,8,48,0,102,105,0,3,165,186,0,Normal,Low
2.375208,0160,Transmission,8,31,4,5,7,60,125,4,0,0,Normal,Low
2.381476,00A0,ABS,8,48,1,101,96,4,5,167,183,0,Normal,Low
2.38244,00A0,ABS,8,51,0,101,100,3,0,175,192,0,Normal,Low
2.386765,0220,Body,8,101,1,0,0,6,2,0,255,0,Normal,Low
2.387825,0140,Steering,8,84,133,0,127,5,2,18,31,0,Normal,Low
2.39642,0220,Body,8,91,0,6,4,0,2,3,253,0,Normal,Low
2.403831,00C0,ABS,8,51,0,101,96,0,5,172,185,0,Normal,Low
2.40998,0260,ADAS,8,69,19,31,50,71,83,105,120,0,Normal,Low
2.416086,0120,Engine,8,16,143,53,5,101,3,255,0,0,Normal,Low
2.416709,0100,Engine,8,21,136,47,0,97,0,251,0,0,Normal,Low
2.424382,0200,Body,8,101,1,0,0,2,0,0,255,0,Normal,Low
2.433112,0200,Body,8,101,2,5,2,5,3,3,255,0,Normal,Low
2.439001,0280,ADAS,8,62,12,33,47,71,89,97,120,0,Normal,Low
2.445272,0180,Transmission,8,32,0,0,3,67,132,1,4,0,Normal,Low
2.452832,0120,Engine,8,16,136,52,0,96,1,255,1,0,Normal,Low
2.454926,0140,Steering,8,84,133,0,127,0,3,18,30,0,Normal,Low
2.46488,01C0,Battery,8,113,96,0,200,0,0,4,0,0,Normal,Low
2.466726,0220,Body,8,92,0,6,0,0,0,0,252,0,Normal,Low
2.472318,01C0,Battery,8,109,96,1,205,1,0,2,0,0,Normal,Low
2.479974,01A0,Battery,8,114,97,0,203,2,0,3,2,0,Normal,Low
2.489474,0260,ADAS,8,67,21,35,51,68,86,97,117,0,Normal,Low
2.494876,0130,Engine,8,11,140,46,3,100,0,251,5,0,Normal,Low
2.502505,0130,Engine,8,13,133,45,0,103,4,255,0,0,Normal,Low
2.508717,00A0,ABS,8,50,0,100,96,5,0,173,188,0,Normal,Low
2.510502,0140,Steering,8,82,125,0,132,0,5,14,30,0,Normal,Low
2.514985,0160,Transmission,8,34,5,2,4,69,126,5,4,0,Normal,Low
2.519703,01C0,Battery,8,112,100,3,200,3,0,2,2,0,Normal,Low
2.524707,0130,Engine,8,17,133,52,0,102,0,251,0,0,Normal,Low
2.528683,0220,Body,8,95,0,3,1,1,0,0,252,0,Normal,Low
2.535277,0100,Engine,8,20,142,54,0,105,5,254,2,0,Normal,Low
2.535894,0180,Transmission,8,36,3,7,0,64,124,0,0,0,Normal,Low
2.542958,00C0,ABS,8,45,0,95,96,2,0,175,189,0,Normal,Low
2.546285,0200,Body,8,101,0,0,2,0,4,0,255,0,Normal,Low
2.551326,0200,Body,8,94,0,0,0,0,0,0,255,0,Normal,Low
2.552363,0080,Airbag,8,101,255,0,255,0,250,5,255,0,Normal,Low
2.55396,0160,Transmission,8,31,5,4,8,62,128,0,0,0,Normal,Low
2.556641,0200,Body,8,100,0,0,0,3,0,2,252,0,Normal,Low
2.561103,0080,Airbag,8,101,255,0,255,0,255,0,253,0,Normal,Low
2.564851,0130,Engine,8,19,134,53,0,101,2,255,0,0,Normal,Low
2.574529,0100,Engine,8,19,135,50,0,104,0,255,5,0,Normal,Low
2.58041,0180,Transmission,8,29,4,1,3,59,129,5,0,0,Normal,Low
2.589898,0160,Transmission,8,31,2,7,5,59,131,0,0,0,Normal,Low
2.593897,00C0,ABS,8,53,1,101,101,4,0,171,186,0,Normal,Low
2.598159,0160,Transmission,8,28,6,6,2,66,128,0,2,0,Normal,Low
2.607011,0200,Body,8,101,3,0,0,1,1,0,255,0,Normal,Low
2.614793,0080,Airbag,8,100,255,0,250,4,253,2,255,0,Normal,Low
2.62251,01A0,Battery,8,116,99,5,201,5,1,0,0,0,Normal,Low
2.624364,0120,Engine,8,16,134,47,2,103,0,255,3,0,Normal,Low
2.633328,0180,Transmission,8,30,3,7,0,68,128,0,0,0,Normal,Low
2.642755,00A0,ABS,8,53,1,96,101,0,0,168,186,0,Normal,Low
2.652432,0160,Transmission,8,33,6,0,0,61,124,0,0,0,Normal,Low
2.660891,0240,Wheel,8,43,50,47,54,47,0,1,5,0,Normal,Low
2.666127,0100,Engine,8,18,142,50,0,105,0,252,2,0,Normal,Low
2.672168,0200,Body,8,99,3,1,5,1,0,5,252,0,Normal,Low
2.675537,01C0,Battery,8,112,102,1,198,0,0,3,0,0,Normal,Low
2.684502,0240,Wheel,8,52,53,47,53,54,0,0,0,0,Normal,Low
2.688021,0130,Engine,8,11,136,54,0,97,0,254,0,0,Normal,Low
2.697056,0080,Airbag,8,97,255,0,255,2,255,3,255,0,Normal,Low
2.701295,0140,Steering,8,76,126,3,127,0,4,12,33,0,Normal,Low
2.707929,00A0,ABS,8,51,1,105,96,0,1,165,184,0,Normal,Low
2.715961,0120,Engine,8,17,141,53,2,102,4,255,0,0,Normal,Low
2.718713,00A0,ABS,8,46,4,95,103,0,0,175,184,0,Normal,Low
2.723516,0100,Engine,8,15,138,48,1,98,0,255,0,0,Normal,Low
2.732698,0140,Steering,8,84,124,0,129,1,0,13,31,0,Normal,Low
2.742263,0180,Transmission,8,27,2,0,4,67,131,1,0,0,Normal,Low
2.744742,0140,Steering,8,75,125,4,124,5,0,18,34,0,Normal,Low
2.752944,0260,ADAS,8,62,17,36,47,66,81,105,124,0,Normal,Low
2.756316,01C0,Battery,8,108,103,0,198,0,3,4,0,0,Normal,Low
2.759246,0120,Engine,8,21,142,49,2,101,1,255,2,0,Normal,Low
2.761457,0140,Steering,8,82,126,0,130,0,4,15,29,0,Normal,Low
2.76316,0240,Wheel,8,49,52,46,46,48,1,5,0,0,Normal,Low
2.767592,01A0,Battery,8,110,99,0,202,0,0,4,1,0,Normal,Low
2.775225,01C0,Battery,8,115,103,5,202,4,0,3,0,0,Normal,Low
2.782929,00A0,ABS,8,47,0,95,97,0,0,171,185,0,Normal,Low
2.786725,01A0,Battery,8,116,103,4,196,0,0,3,0,0,Normal,Low
2.795682,0240,Wheel,8,45,53,54,51,47,0,0,2,0,Normal,Low
2.803978,01A0,Battery,8,114,101,1,204,0,3,3,0,0,Normal,Low
2.8046,0280,ADAS,8,62,12,33,51,73,81,104,123,0,Normal,Low
2.807249,0130,Engine,8,13,136,53,0,97,1,252,1,0,Normal,Low
2.813993,01A0,Battery,8,117,100,0,199,0,0,0,0,0,Normal,Low
2.817659,0120,Engine,8,18,133,51,0,102,1,253,0,0,Normal,Low
2.82105,0140,Steering,8,80,123,0,130,5,0,17,35,0,Normal,Low
2.827982,0280,ADAS,8,64,20,29,49,66,90,99,116,0,Normal,Low
2.833306,0140,Steering,8,85,126,2,125,0,3,21,37,0,Normal,Low
2.837726,0080,Airbag,8,92,255,0,255,0,251,0,255,0,Normal,Low
2.840129,0080,Airbag,8,93,255,0,254,2,255,0,255,0,Normal,Low
2.846461,0120,Engine,8,12,133,48,1,98,4,251,0,0,Normal,Low
2.848541,0260,ADAS,8,62,17,30,51,71,89,103,119,0,Normal,Low
2.849586,0200,Body,8,93,0,0,0,0,5,0,250,0,Normal,Low
2.857408,0100,Engine,8,16,135,48,3,99,1,255,4,0,Normal,Low
2.865762,0220,Body,8,96,4,5,1,3,0,0,255,0,Normal,Low
2.874139,0240,Wheel,8,51,46,49,49,54,0,4,4,0,Normal,Low
2.880543,0200,Body,8,100,5,3,1,4,0,2,253,0,Normal,Low
2.883313,01C0,Battery,8,115,105,0,202,4,0,0,0,0,Normal,Low
2.886594,00A0,ABS,8,43,0,95,95,2,4,169,192,0,Normal,Low
2.89025,0100,Engine,8,17,142,52,0,99,0,250,0,0,Normal,Low
2.897975,0180,Transmission,8,31,0,3,1,65,131,1,0,0,Normal,Low
2.90477,0240,Wheel,8,53,55,49,46,45,0,0,0,0,Normal,Low
2.906933,01C0,Battery,8,110,102,0,202,3,0,0,4,0,Normal,Low
2.909158,0130,Engine,8,18,142,48,5,103,0,255,0,0,Normal,Low
2.910927,01C0,Battery,8,116,101,3,197,0,0,5,0,0,Normal,Low
2.911442,00C0,ABS,8,44,0,97,95,4,0,172,191,0,Normal,Low
2.918865,0140,Steering,8,79,127,3,126,5,0,11,33,0,Normal,Low
2.924036,0100,Engine,8,17,143,54,1,98,0,255,3,0,Normal,Low
2.926272,0080,Airbag,8,92,255,0,255,4,255,5,255,0,Normal,Low
2.929054,0200,Body,8,91,3,0,5,0,0,0,255,0,Normal,Low
2.938697,0240,Wheel,8,43,49,45,53,51,4,2,0,0,Normal,Low
2.940321,0220,Body,8,91,0,2,0,0,0,5,254,0,Normal,Low
2.9467,0130,Engine,8,20,142,51,0,99,3,255,0,0,Normal,Low
2.95378,0200,Body,8,97,0,0,0,0,1,4,255,0,Normal,Low
2.957613,0220,Body,8,98,0,3,4,0,4,0,250,0,Normal,Low
2.959298,01A0,Battery,8,107,99,0,202,0,3,0,0,0,Normal,Low
2.964476,0200,Body,8,94,0,0,3,0,0,0,250,0,Normal,Low
2.971011,0120,Engine,8,13,141,48,0,104,0,251,4,0,Normal,Low
2.978331,01A0,Battery,8,111,103,5,203,5,5,5,2,0,Normal,Low
2.986389,0180,Transmission,8,28,4,0,1,66,133,1,4,0,Normal,Low
2.990923,0120,Engine,8,19,142,51,0,101,4,255,2,0,Normal,Low
2.997063,00A0,ABS,8,48,5,101,104,4,5,174,184,0,Normal,Low
3.004634,0140,Steering,8,84,123,0,132,0,1,20,33,0,Normal,Low
3.007394,0140,Steering,8,78,131,1,132,3,3,15,35,0,Normal,Low
3.011099,0080,Airbag,8,95,250,0,255,0,252,0,254,0,Normal,Low
3.016721,0120,Engine,8,18,139,45,0,103,0,250,0,0,Normal,Low
3.021611,0140,Steering,8,85,124,3,123,0,4,21,29,0,Normal,Low
3.027004,0130,Engine,8,21,136,47,4,95,0,250,0,0,Normal,Low
3.032281,0120,Engine,8,16,140,46,3,98,0,254,0,0,Normal,Low
3.036122,00C0,ABS,8,49,0,100,97,3,0,168,187,0,Normal,Low
3.039904,0100,Engine,8,14,139,55,0,105,3,254,0,0,Normal,Low
3.041874,0130,Engine,8,19,136,55,4,101,5,255,0,0,Normal,Low
3.047108,0130,Engine,8,15,136,46,5,98,0,251,2,0,Normal,Low
3.048871,0120,Engine,8,20,134,53,3,95,0,252,4,0,Normal,Low
3.051022,01A0,Battery,8,117,103,0,199,4,0,4,2,0,Normal,Low
3.06063,0140,Steering,8,82,128,5,130,5,2,15,30,0,Normal,Low
3.067918,0260,ADAS,8,67,15,35,54,64,82,107,118,0,Normal,Low
3.077119,01A0,Battery,8,115,100,0,195,1,0,0,0,0,Normal,Low
3.084031,0220,Body,8,101,3,5,4,4,4,4,255,0,Normal,Low
3.085176,0200,Body,8,97,3,4,0,1,5,4,255,0,Normal,Low
3.095153,0080,Airbag,8,93,253,0,255,3,253,0,255,0,Normal,Low
3.099113,0260,ADAS,8,64,18,39,54,72,90,103,123,0,Normal,Low
3.107581,00A0,ABS,8,43,3,96,105,0,5,167,186,0,Normal,Low
3.117427,0160,Transmission,8,30,0,2,6,61,132,0,0,0,Normal,Low
3.120013,0240,Wheel,8,43,48,46,52,51,0,4,5,0,Normal,Low
3.122455,0130,Engine,8,20,133,52,4,105,2,255,4,0,Normal,Low
3.129291,0100,Engine,8,15,143,47,4,100,0,255,0,0,Normal,Low
3.131856,00A0,ABS,8,48,3,100,95,3,4,174,182,0,Normal,Low
3.139624,0080,Airbag,8,94,255,0,250,0,255,3,253,0,Normal,Low
3.143414,0120,Engine,8,17,136,50,0,100,0,255,4,0,Normal,Low
3.151169,0080,Airbag,8,93,255,0,251,0,255,2,254,0,Normal,Low
3.15761,0220,Body,8,94,0,0,0,2,5,1,254,0,Normal,Low
3.164223,01A0,Battery,8,113,103,5,197,0,0,2,1,0,Normal,Low
3.169543,0130,Engine,8,14,134,51,0,101,1,255,0,0,Normal,Low
3.172811,01C0,Battery,8,112,96,0,200,0,1,1,0,0,Normal,Low
3.175006,00A0,ABS,8,45,0,100,99,5,0,173,184,0,Normal,Low
3.178733,0080,Airbag,8,95,255,5,255,0,255,0,251,0,Normal,Low
3.182191,01C0,Battery,8,108,95,5,202,1,5,3,0,0,Normal,Low
3.18726,0280,ADAS,8,69,20,29,52,63,84,99,122,0,Normal,Low
3.190279,0260,ADAS,8,59,19,29,53,70,81,107,119,0,Normal,Low
3.193895,00A0,ABS,8,48,0,99,105,1,0,172,182,0,Normal,Low
3.195764,0140,Steering,8,76,124,0,129,0,0,19,28,0,Normal,Low
3.204064,0130,Engine,8,17,138,50,0,96,3,255,1,0,Normal,Low
3.207513,0120,Engine,8,14,142,55,0,102,0,255,0,0,Normal,Low
3.216526,0260,ADAS,8,66,17,29,47,66,84,97,121,0,Normal,Low
3.223735,0220,Body,8,95,0,0,0,4,0,3,255,0,Normal,Low
3.225148,0280,ADAS,8,66,21,33,55,63,85,106,119,0,Normal,Low
3.233299,01C0,Battery,8,116,95,3,195,0,1,0,0,0,Normal,Low
3.235479,0280,ADAS,8,69,22,39,53,69,82,106,122,0,Normal,Low
3.238477,0260,ADAS,8,63,13,30,54,69,86,98,115,0,Normal,Low
3.241771,0160,Transmission,8,29,4,3,3,69,123,5,0,0,Normal,Low
3.24592,0130,Engine,8,11,142,48,0,100,5,255,5,0,Normal,Low
3.248279,01A0,Battery,8,110,102,3,195,2,0,0,0,0,Normal,Low
3.255525,0200,Body,8,92,0,0,0,2,1,5,254,0,Normal,Low
3.260048,0160,Transmission,8,28,5,0,4,63,126,0,0,0,Normal,Low
3.269744,0200,Body,8,91,0,6,0,6,0,0,251,0,Normal,Low
3.270959,0240,Wheel,8,48,49,48,48,52,0,0,0,0,Normal,Low
3.276854,00C0,ABS,8,46,0,102,99,3,0,168,192,0,Normal,Low
3.283017,0280,ADAS,8,61,16,30,48,68,86,101,115,0,Normal,Low
3.28457,0080,Airbag,8,100,252,0,251,0,253,0,254,0,Normal,Low
3.293552,0180,Transmission,8,30,0,7,2,64,124,2,0,0,Normal,Low
3.296782,00C0,ABS,8,45,0,103,105,0,0,170,186,0,Normal,Low
3.30072,0120,Engine,8,18,140,48,0,100,0,252,3,0,Normal,Low
3.309528,0240,Wheel,8,43,51,48,55,55,0,0,0,0,Normal,Low
3.315536,0080,Airbag,8,91,250,0,255,3,255,0,250,0,Normal,Low
3.32179,0180,Transmission,8,27,0,1,2,62,126,0,0,0,Normal,Low
3.325195,0140,Steering,8,76,124,2,125,1,0,17,33,0,Normal,Low
3.329476,0200,Body,8,95,5,6,0,5,0,0,254,0,Normal,Low
3.335158,0280,ADAS,8,67,15,29,46,63,90,101,114,0,Normal,Low
3.338562,00A0,ABS,8,52,4,103,98,0,0,173,188,0,Normal,Low
3.34569,0140,Steering,8,78,130,1,128,3,0,16,28,0,Normal,Low
3.347955,0140,Steering,8,77,127,4,129,1,0,16,27,0,Normal,Low
3.350211,0260,ADAS,8,63,12,39,56,67,85,103,124,0,Normal,Low
3.356283,0100,Engine,8,13,138,46,0,95,0,255,0,0,Normal,Low
3.358511,01A0,Battery,8,117,95,0,201,0,0,0,0,0,Normal,Low
3.365072,0140,Steering,8,81,124,0,132,0,1,19,33,0,Normal,Low
3.36739,0130,Engine,8,21,137,55,1,98,0,252,0,0,Normal,Low
3.369948,0180,Transmission,8,36,1,0,0,64,133,5,1,0,Normal,Low
3.376369,0280,ADAS,8,62,16,31,56,71,89,100,116,0,Normal,Low
3.379247,0200,Body,8,101,0,0,1,6,0,0,251,0,Normal,Low
3.388903,0200,Body,8,94,0,1,0,3,3,0,252,0,Normal,Low
3.395727,0130,Engine,8,17,142,49,0,95,0,250,0,0,Normal,Low
3.398329,00C0,ABS,8,53,1,101,99,0,0,173,191,0,Normal,Low
3.400355,0140,Steering,8,83,125,4,130,0,0,16,37,0,Normal,Low
3.404273,01A0,Battery,8,109,97,0,196,0,0,0,1,0,Normal,Low
3.408975,0220,Body,8,99,1,5,0,6,0,0,250,0,Normal,Low
3.413176,0130,Engine,8,20,137,48,5,100,0,254,2,0,Normal,Low
3.420332,0180,Transmission,8,35,4,3,7,63,132,0,3,0,Normal,Low
3.427496,0280,ADAS,8,60,20,34,56,72,87,101,115,0,Normal,Low
3.429122,0100,Engine,8,17,137,53,0,99,0,250,0,0,Normal,Low
3.432014,0180,Transmission,8,28,6,0,8,59,125,0,4,0,Normal,Low
3.440997,0080,Airbag,8,101,255,1,254,0,255,0,250,0,Normal,Low
3.445651,0120,Engine,8,18,136,48,0,105,2,255,5,0,Normal,Low
3.454736,0180,Transmission,8,34,0,4,4,67,127,0,1,0,Normal,Low
3.462713,0280,ADAS,8,61,16,31,56,63,86,100,122,0,Normal,Low
3.463219,0180,Transmission,8,36,5,5,6,67,125,0,3,0,Normal,Low
3.471087,01C0,Battery,8,107,99,4,203,1,5,5,0,0,Normal,Low
3.476061,00A0,ABS,8,51,0,105,101,5,1,169,192,0,Normal,Low
3.479973,01C0,Battery,8,117,95,0,204,0,3,0,0,0,Normal,Low
3.482977,01C0,Battery,8,110,99,0,196,4,0,2,0,0,Normal,Low
3.483563,01A0,Battery,8,115,101,5,200,0,0,2,5,0,Normal,Low
3.489484,0140,Steering,8,81,131,3,124,5,5,11,28,0,Normal,Low
3.499346,0080,Airbag,8,99,255,5,255,5,252,2,255,0,Normal,Low
3.508751,01A0,Battery,8,107,101,4,200,0,5,0,0,0,Normal,Low
3.517241,00C0,ABS,8,51,0,98,95,0,1,168,184,0,Normal,Low
3.524825,0240,Wheel,8,49,46,54,45,55,0,5,0,0,Normal,Low
3.530142,01C0,Battery,8,112,100,0,202,4,0,1,4,0,Normal,Low
3.535584,0280,ADAS,8,67,20,39,49,71,80,103,119,0,Normal,Low
3.541898,0180,Transmission,8,29,0,4,0,69,127,0,0,0,Normal,Low
3.545289,01C0,Battery,8,115,100,0,198,0,0,0,0,0,Normal,Low
3.55238,0120,Engine,8,13,139,45,1,95,0,250,0,0,Normal,Low
3.560723,00A0,ABS,8,48,5,99,97,0,2,166,192,0,Normal,Low
3.569061,0120,Engine,8,20,143,52,4,99,0,255,0,0,Normal,Low
3.576808,0240,Wheel,8,45,52,48,55,50,4,4,0,0,Normal,Low
3.582607,00A0,ABS,8,50,1,95,104,3,3,170,192,0,Normal,Low
3.586909,0080,Airbag,8,95,254,0,255,0,255,2,252,0,Normal,Low
3.59392,0260,ADAS,8,67,13,38,54,72,80,100,119,0,Normal,Low
3.603309,0180,Transmission,8,28,0,0,7,59,132,2,0,0,Normal,Low
3.605158,00C0,ABS,8,44,5,104,99,0,0,168,191,0,Normal,Low
3.608717,0280,ADAS,8,61,21,34,47,72,83,99,122,0,Normal,Low
3.617789,0240,Wheel,8,43,53,49,51,45,0,0,3,0,Normal,Low
3.621027,0200,Body,8,96,0,5,0,2,1,1,251,0,Normal,Low
3.627547,00C0,ABS,8,45,0,96,105,0,3,165,184,0,Normal,Low
3.636725,0080,Airbag,8,101,250,0,253,0,255,1,255,0,Normal,Low
3.640075,0180,Transmission,8,28,2,3,0,64,123,5,0,0,Normal,Low
3.649592,0140,Steering,8,81,131,0,126,0,0,13,32,0,Normal,Low
3.652162,0140,Steering,8,81,133,0,132,4,0,12,36,0,Normal,Low
3.656238,0260,ADAS,8,66,14,30,48,64,88,99,124,0,Normal,Low
3.664681,01A0,Battery,8,117,101,0,202,0,0,3,0,0,Normal,Low
3.66974,0260,ADAS,8,59,17,37,50,66,90,103,115,0,Normal,Low
3.672304,00C0,ABS,8,51,3,103,100,0,0,173,192,0,Normal,Low
3.673857,01A0,Battery,8,111,105,3,202,0,0,0,3,0,Normal,Low
3.674465,0080,Airbag,8,98,255,0,255,0,255,2,255,0,Normal,Low
3.678325,01A0,Battery,8,115,104,2,204,0,0,0,3,0,Normal,Low
3.687923,0240,Wheel,8,52,50,46,54,50,0,0,4,0,Normal,Low
3.689874,01C0,Battery,8,110,97,0,199,5,0,1,5,0,Normal,Low
3.698488,0220,Body,8,91,0,0,5,4,1,1,252,0,Normal,Low
3.703144,0280,ADAS,8,62,22,33,54,73,83,107,123,0,Normal,Low
3.711687,00C0,ABS,8,46,0,98,104,4,4,174,186,0,Normal,Low
3.721626,0160,Transmission,8,29,4,1,5,59,123,5,0,0,Normal,Low
3.727844,0080,Airbag,8,98,254,5,252,0,254,0,253,0,Normal,Low
3.736246,0200,Body,8,99,0,0,0,5,0,0,254,0,Normal,Low
3.742453,0280,ADAS,8,61,12,29,55,72,88,103,123,0,Normal,Low
3.752413,0080,Airbag,8,91,252,0,251,0,255,3,252,0,Normal,Low
3.760893,0120,Engine,8,21,143,48,1,96,0,253,0,0,Normal,Low
3.765393,0140,Steering,8,79,127,2,126,0,0,15,37,0,Normal,Low
3.771376,00A0,ABS,8,46,0,102,97,1,1,168,182,0,Normal,Low
3.774101,0240,Wheel,8,51,46,48,47,54,2,2,1,0,Normal,Low
3.781919,0130,Engine,8,20,140,47,1,105,1,253,5,0,Normal,Low
3.787649,0120,Engine,8,18,143,48,0,98,4,255,0,0,Normal,Low
3.789199,0140,Steering,8,78,130,1,129,3,0,15,30,0,Normal,Low
3.791061,00A0,ABS,8,47,1,102,101,1,4,167,185,0,Normal,Low
3.794788,0240,Wheel,8,43,47,46,45,47,0,0,0,0,Normal,Low
3.802221,0220,Body,8,94,0,4,0,0,0,0,255,0,Normal,Low
3.808942,0100,Engine,8,19,135,53,2,103,5,255,3,0,Normal,Low
3.810022,0200,Body,8,92,0,1,1,2,2,3,252,0,Normal,Low
3.818692,01A0,Battery,8,112,102,0,205,3,5,1,3,0,Normal,Low
3.826906,0100,Engine,8,15,143,45,2,104,3,255,0,0,Normal,Low
3.831112,0200,Body,8,93,0,3,0,5,5,3,253,0,Normal,Low
3.83596,0100,Engine,8,12,141,50,0,101,4,252,0,0,Normal,Low
3.844913,0080,Airbag,8,100,250,0,250,1,253,4,252,0,Normal,Low
3.847321,0080,Airbag,8,93,250,2,255,0,253,0,253,0,Normal,Low
3.848822,0240,Wheel,8,49,50,52,52,52,0,2,0,0,Normal,Low
3.851092,00A0,ABS,8,49,5,95,104,0,0,170,191,0,Normal,Low
3.854488,0180,Transmission,8,29,5,0,0,59,123,4,0,0,Normal,Low
3.862391,0240,Wheel,8,50,49,51,48,53,1,0,5,0,Normal,Low
3.870447,0160,Transmission,8,30,1,5,6,61,129,5,5,0,Normal,Low
3.875468,0280,ADAS,8,69,19,33,49,72,80,99,116,0,Normal,Low
3.878932,0220,Body,8,91,0,1,1,0,0,0,255,0,Normal,Low
3.884254,0240,Wheel,8,44,49,47,55,45,5,0,5,0,Normal,Low
3.891782,00A0,ABS,8,50,0,102,105,0,4,166,189,0,Normal,Low
3.893845,0220,Body,8,95,0,1,4,4,5,1,254,0,Normal,Low
3.900154,0130,Engine,8,14,133,54,0,96,5,252,5,0,Normal,Low
3.901172,0200,Body,8,95,0,5,3,0,5,0,252,0,Normal,Low
3.902129,0220,Body,8,95,2,3,0,4,3,0,255,0,Normal,Low
3.904647,0240,Wheel,8,48,45,53,54,50,2,2,2,0,Normal,Low
3.912485,01A0,Battery,8,115,95,0,201,0,5,0,5,0,Normal,Low
3.919366,0100,Engine,8,16,139,50,0,105,3,250,3,0,Normal,Low
3.923767,00C0,ABS,8,47,4,99,104,0,3,168,185,0,Normal,Low
3.92581,0260,ADAS,8,59,21,34,51,67,86,102,121,0,Normal,Low
3.932679,0140,Steering,8,81,126,0,129,5,0,13,32,0,Normal,Low
3.941822,0240,Wheel,8,51,47,55,45,51,0,0,2,0,Normal,Low
3.950239,0260,ADAS,8,68,20,33,56,66,88,101,124,0,Normal,Low
3.954597,0130,Engine,8,14,133,45,4,104,0,254,1,0,Normal,Low
3.96044,0080,Airbag,8,96,253,0,255,0,251,0,255,0,Normal,Low
3.965956,00C0,ABS,8,44,0,103,104,4,0,173,191,0,Normal,Low
3.971999,0130,Engine,8,15,137,55,1,100,0,253,5,0,Normal,Low
3.976588,0080,Airbag,8,100,252,0,250,3,255,0,255,0,Normal,Low
3.980209,00C0,ABS,8,43,4,103,104,1,4,175,191,0,Normal,Low
3.980903,00C0,ABS,8,52,4,102,95,4,0,170,184,0,Normal,Low
3.982553,0260,ADAS,8,69,20,32,55,67,83,106,114,0,Normal,Low
3.98977,0120,Engine,8,21,138,54,0,98,0,254,0,0,Normal,Low
3.990722,0080,Airbag,8,95,251,0,254,0,255,5,255,0,Normal,Low
3.996558,0120,Engine,8,19,142,55,0,96,3,252,2,0,Normal,Low
3.99807,0080,Airbag,8,98,255,0,255,5,253,3,252,0,Normal,Low
3.999535,00A0,ABS,8,53,4,100,105,0,0,175,186,0,Normal,Low
4.00681,00C0,ABS,8,43,0,96,95,0,0,165,183,0,Normal,Low
4.01651,01A0,Battery,8,115,103,5,202,2,0,0,0,0,Normal,Low
4.025764,0080,Airbag,8,98,255,0,255,0,251,0,255,0,Normal,Low
4.028957,0100,Engine,8,11,140,54,0,96,2,255,0,0,Normal,Low
4.029808,0160,Transmission,8,31,1,4,0,66,131,1,0,0,Normal,Low
4.032929,0130,Engine,8,14,140,54,0,100,4,250,2,0,Normal,Low
4.036182,0200,Body,8,100,1,0,0,6,5,2,255,0,Normal,Low
4.045352,0260,ADAS,8,63,21,39,48,68,89,104,124,0,Normal,Low
4.05498,0180,Transmission,8,29,0,7,3,67,128,0,4,0,Normal,Low
4.060124,0140,Steering,8,75,132,5,124,1,0,11,32,0,Normal,Low
4.065771,01A0,Battery,8,111,104,0,204,5,0,1,2,0,Normal,Low
4.074801,01C0,Battery,8,112,101,0,202,0,0,5,3,0,Normal,Low
4.083178,0130,Engine,8,12,140,55,0,95,0,255,0,0,Normal,Low
4.084099,0280,ADAS,8,69,17,32,48,72,83,104,124,0,Normal,Low
4.086951,0200,Body,8,93,3,0,0,0,0,0,254,0,Normal,Low
4.096847,0160,Transmission,8,36,3,1,8,67,125,5,5,0,Normal,Low
4.099747,0280,ADAS,8,59,19,31,52,64,81,98,115,0,Normal,Low
4.106593,0180,Transmission,8,36,0,7,8,68,127,3,0,0,Normal,Low
4.10965,0130,Engine,8,16,140,53,0,102,2,255,4,0,Normal,Low
4.114229,0100,Engine,8,12,138,47,1,98,2,252,0,0,Normal,Low
4.117598,00C0,ABS,8,53,0,101,97,0,5,172,184,0,Normal,Low
4.12195,0240,Wheel,8,52,49,53,47,50,0,0,3,0,Normal,Low
4.129378,0200,Body,8,93,4,0,5,1,5,0,251,0,Normal,Low
4.133506,0140,Steering,8,76,125,0,123,4,1,19,32,0,Normal,Low
4.140405,0220,Body,8,98,1,4,4,5,0,0,252,0,Normal,Low
4.150215,0180,Transmission,8,37,4,5,0,68,130,0,1,0,Normal,Low
4.156588,0280,ADAS,8,60,13,30,47,65,83,101,124,0,Normal,Low
4.159583,01C0,Battery,8,109,95,0,201,0,3,2,4,0,Normal,Low
4.160774,0220,Body,8,96,5,0,0,0,0,0,253,0,Normal,Low
4.169731,0200,Body,8,91,0,0,0,4,0,0,255,0,Normal,Low
4.174084,01C0,Battery,8,111,102,0,201,0,0,1,0,0,Normal,Low
4.176146,0100,Engine,8,15,138,53,4,103,0,252,5,0,Normal,Low
4.184038,0280,ADAS,8,62,13,34,49,68,89,98,119,0,Normal,Low
4.189864,0180,Transmission,8,35,0,0,2,67,129,0,0,0,Normal,Low
4.195426,0080,Airbag,8,94,250,5,255,0,253,0,255,0,Normal,Low
4.200392,0130,Engine,8,21,136,48,0,105,5,255,3,0,Normal,Low
4.20822,0140,Steering,8,77,131,0,129,0,1,13,30,0,Normal,Low
4.209445,0240,Wheel,8,53,51,45,51,55,2,0,0,0,Normal,Low
4.2127,0220,Body,8,95,4,6,4,0,0,4,255,0,Normal,Low
4.221813,0100,Engine,8,21,140,52,0,96,0,255,1,0,Normal,Low
4.225388,00A0,ABS,8,52,0,102,101,0,0,173,190,0,Normal,Low
4.230416,0080,Airbag,8,94,252,3,255,5,250,0,251,0,Normal,Low
4.232802,0200,Body,8,93,1,6,1,4,4,0,251,0,Normal,Low
4.238933,0080,Airbag,8,95,255,3,254,1,255,2,253,0,Normal,Low
4.245848,0120,Engine,8,14,141,52,0,97,1,251,0,0,Normal,Low
4.247459,00C0,ABS,8,49,0,104,100,5,4,174,190,0,Normal,Low
4.24865,00A0,ABS,8,44,1,98,97,3,0,172,187,0,Normal,Low
4.257124,0160,Transmission,8,34,4,3,0,66,129,0,0,0,Normal,Low
4.262964,00A0,ABS,8,49,0,97,100,0,0,173,185,0,Normal,Low
4.271591,0260,ADAS,8,68,18,39,55,63,85,103,115,0,Normal,Low
4.27332,0220,Body,8,96,0,4,2,3,3,4,255,0,Normal,Low
4.280297,0080,Airbag,8,94,255,1,255,0,252,0,251,0,Normal,Low
4.283822,0240,Wheel,8,48,50,46,48,49,0,0,0,0,Normal,Low
4.28457,01C0,Battery,8,113,98,1,201,0,1,0,5,0,Normal,Low
4.285079,00A0,ABS,8,52,0,99,105,0,4,166,190,0,Normal,Low
4.289507,00A0,ABS,8,45,0,101,102,0,0,174,188,0,Normal,Low
4.298612,0160,Transmission,8,36,0,1,0,60,124,5,0,0,Normal,Low
4.300297,01C0,Battery,8,110,96,0,198,0,0,0,0,0,Normal,Low
4.30958,0120,Engine,8,14,137,45,0,99,1,255,0,0,Normal,Low
4.317837,00C0,ABS,8,51,3,95,100,5,0,173,192,0,Normal,Low
4.322506,00A0,ABS,8,47,0,96,100,0,3,173,192,0,Normal,Low
4.323553,0240,Wheel,8,49,53,45,53,46,2,0,2,0,Normal,Low
4.325038,00C0,ABS,8,53,0,99,96,2,1,174,188,0,Normal,Low
4.330472,0160,Transmission,8,29,3,2,7,60,129,0,5,0,Normal,Low
4.33659,00A0,ABS,8,43,0,96,105,0,0,165,186,0,Normal,Low
4.344597,0220,Body,8,100,0,0,0,2,0,3,255,0,Normal,Low
4.350149,01A0,Battery,8,109,98,0,202,0,0,0,0,0,Normal,Low
4.353206,01A0,Battery,8,115,104,0,198,2,3,4,5,0,Normal,Low
4.355171,0280,ADAS,8,63,16,36,50,73,84,99,120,0,Normal,Low
4.36094,0220,Body,8,98,5,0,0,0,0,1,255,0,Normal,Low
4.367957,0240,Wheel,8,52,49,49,48,53,0,0,0,0,Normal,Low
4.372183,0220,Body,8,97,0,3,0,2,3,0,255,0,Normal,Low
4.377203,0220,Body,8,94,1,0,0,0,1,0,255,0,Normal,Low
4.37929,0100,Engine,8,12,139,51,0,96,0,252,4,0,Normal,Low
4.387296,0080,Airbag,8,100,252,1,255,0,255,0,254,0,Normal,Low
4.396298,0180,Transmission,8,32,5,5,5,65,133,0,5,0,Normal,Low
4.401015,0140,Steering,8,83,125,0,130,0,0,18,28,0,Normal,Low
4.406826,0130,Engine,8,15,136,50,0,96,2,255,0,0,Normal,Low
4.410078,01C0,Battery,8,117,98,3,203,0,0,2,0,0,Normal,Low
4.411473,0180,Transmission,8,28,4,2,0,68,132,0,1,0,Normal,Low
4.415588,01A0,Battery,8,112,99,0,197,0,3,4,0,0,Normal,Low
4.424069,0140,Steering,8,76,123,2,132,4,5,21,29,0,Normal,Low
4.433002,0160,Transmission,8,27,3,5,6,61,125,0,4,0,Normal,Low
4.434837,0180,Transmission,8,28,0,6,2,60,125,0,5,0,Normal,Low
4.436353,0140,Steering,8,81,125,0,131,0,0,21,31,0,Normal,Low
4.442858,0180,Transmission,8,29,0,0,0,61,130,2,0,0,Normal,Low
4.449377,0240,Wheel,8,47,51,50,49,50,5,1,0,0,Normal,Low
4.458705,0080,Airbag,8,94,254,0,253,0,255,2,255,0,Normal,Low
4.466466,0080,Airbag,8,93,253,0,255,5,252,5,255,0,Normal,Low
4.475615,0160,Transmission,8,32,0,7,0,61,123,0,0,0,Normal,Low
4.483885,0140,Steering,8,83,125,0,131,0,0,15,28,0,Normal,Low
4.485247,0200,Body,8,98,5,1,2,6,0,0,251,0,Normal,Low
4.490701,0200,Body,8,96,4,6,0,2,0,0,252,0,Normal,Low
4.49885,0200,Body,8,101,0,0,0,6,0,0,255,0,Normal,Low
4.508131,00A0,ABS,8,51,0,97,102,2,0,172,188,0,Normal,Low
4.517862,0080,Airbag,8,95,253,5,253,0,253,2,250,0,Normal,Low
4.520892,0130,Engine,8,11,141,53,0,103,0,253,0,0,Normal,Low
4.522632,01A0,Battery,8,108,97,0,200,4,4,4,0,0,Normal,Low
4.527596,0280,ADAS,8,59,21,39,55,72,87,99,118,0,Normal,Low
4.537585,01C0,Battery,8,111,101,0,204,3,0,0,0,0,Normal,Low
4.545914,01A0,Battery,8,116,104,0,199,3,0,0,2,0,Normal,Low
4.553994,0160,Transmission,8,28,0,6,0,69,128,0,0,0,Normal,Low
4.562357,0240,Wheel,8,52,54,52,53,52,0,1,4,0,Normal,Low
4.562904,0260,ADAS,8,59,17,32,54,67,89,99,117,0,Normal,Low
4.565847,0220,Body,8,99,5,0,0,6,1,2,254,0,Normal,Low
4.571099,00C0,ABS,8,43,0,100,103,0,0,174,186,0,Normal,Low
4.578269,00C0,ABS,8,51,5,95,105,4,4,167,184,0,Normal,Low
4.579358,01A0,Battery,8,113,100,0,205,0,0,0,0,0,Normal,Low
4.579959,0200,Body,8,92,0,0,1,0,0,5,253,0,Normal,Low
4.584486,0220,Body,8,93,0,0,0,0,4,1,255,0,Normal,Low
4.592385,0120,Engine,8,19,137,54,5,95,0,255,5,0,Normal,Low
4.593387,0180,Transmission,8,29,0,3,3,63,124,0,2,0,Normal,Low
4.60129,0120,Engine,8,12,134,45,0,102,0,250,0,0,Normal,Low
4.603344,0280,ADAS,8,64,20,35,51,70,85,98,115,0,Normal,Low
4.606849,00C0,ABS,8,53,0,104,105,3,2,171,189,0,Normal,Low
4.609636,0220,Body,8,101,0,2,4,0,3,2,251,0,Normal,Low
4.616715,01A0,Battery,8,113,97,0,200,0,1,5,4,0,Normal,Low
4.623165,00C0,ABS,8,43,5,97,98,0,0,167,183,0,Normal,Low
4.625587,0260,ADAS,8,59,15,35,52,70,84,98,124,0,Normal,Low
4.628815,01C0,Battery,8,116,102,2,203,3,1,0,5,0,Normal,Low
4.636181,0280,ADAS,8,59,17,29,53,63,90,107,121,0,Normal,Low
4.644341,00C0,ABS,8,52,2,100,96,0,2,174,188,0,Normal,Low
4.645338,0140,Steering,8,78,123,5,124,0,0,19,36,0,Normal,Low
4.64962,01C0,Battery,8,114,102,0,205,3,0,5,0,0,Normal,Low
4.659492,0080,Airbag,8,96,255,3,253,0,250,5,255,0,Normal,Low
4.66854,0130,Engine,8,19,139,46,0,95,0,255,0,0,Normal,Low
4.669981,0240,Wheel,8,53,51,52,52,47,3,0,0,0,Normal,Low
4.679364,0120,Engine,8,14,141,52,2,103,4,255,1,0,Normal,Low
4.682806,0080,Airbag,8,101,255,0,250,1,255,2,252,0,Normal,Low
4.688208,0180,Transmission,8,27,6,5,0,64,128,0,1,0,Normal,Low
4.690273,01A0,Battery,8,108,103,5,201,4,0,0,0,0,Normal,Low
4.692803,01C0,Battery,8,115,100,0,205,1,0,0,3,0,Normal,Low
4.696791,0220,Body,8,97,0,1,0,0,5,0,255,0,Normal,Low
4.703175,0180,Transmission,8,29,2,3,0,69,130,0,5,0,Normal,Low
4.706875,0130,Engine,8,13,137,49,3,98,0,254,0,0,Normal,Low
4.708708,0160,Transmission,8,33,0,5,0,66,131,0,0,0,Normal,Low
4.715814,01A0,Battery,8,116,96,4,203,0,0,0,0,0,Normal,Low
4.717694,0280,ADAS,8,67,12,29,46,65,87,98,116,0,Normal,Low
4.718546,0130,Engine,8,20,136,49,3,101,1,255,4,0,Normal,Low
4.719495,0220,Body,8,95,0,0,4,3,0,3,254,0,Normal,Low
4.727942,0080,Airbag,8,95,254,3,253,0,255,4,255,0,Normal,Low
4.733552,0100,Engine,8,12,135,50,0,100,0,255,0,0,Normal,Low
4.741377,0180,Transmission,8,32,6,6,0,60,131,0,0,0,Normal,Low
4.746546,0260,ADAS,8,68,19,33,49,73,80,100,123,0,Normal,Low
4.752071,01A0,Battery,8,115,101,0,201,0,0,3,0,0,Normal,Low
4.760082,01C0,Battery,8,108,95,0,202,3,2,0,2,0,Normal,Low
4.76476,0220,Body,8,94,1,0,0,0,5,2,255,0,Normal,Low
4.770952,0160,Transmission,8,34,1,4,0,60,126,4,0,0,Normal,Low
4.778667,00A0,ABS,8,44,0,97,101,1,2,172,188,0,Normal,Low
4.784917,01C0,Battery,8,111,101,0,202,0,5,0,1,0,Normal,Low
4.793068,0220,Body,8,93,0,0,5,5,1,0,255,0,Normal,Low
4.796667,0080,Airbag,8,98,250,0,253,2,255,0,250,0,Normal,Low
4.806451,0200,Body,8,97,0,3,0,0,5,4,255,0,Normal,Low
4.81293,0120,Engine,8,19,141,50,0,104,1,252,1,0,Normal,Low
4.814297,0120,Engine,8,14,136,51,0,97,4,253,0,0,Normal,Low
4.824219,01C0,Battery,8,109,104,4,203,4,5,0,1,0,Normal,Low
4.827541,0280,ADAS,8,64,14,31,50,67,80,97,117,0,Normal,Low
4.835171,0260,ADAS,8,64,21,35,52,65,85,103,114,0,Normal,Low
4.844209,0240,Wheel,8,48,53,50,50,53,0,0,1,0,Normal,Low
4.846613,01A0,Battery,8,109,101,1,202,4,0,5,1,0,Normal,Low
4.851723,0180,Transmission,8,30,0,1,5,64,125,4,3,0,Normal,Low
4.855979,00A0,ABS,8,46,5,104,101,4,1,165,188,0,Normal,Low
4.863763,0260,ADAS,8,62,17,33,51,71,88,101,115,0,Normal,Low
4.870074,0180,Transmission,8,28,6,0,1,65,127,0,0,0,Normal,Low
4.877372,0160,Transmission,8,31,0,0,6,66,133,4,0,0,Normal,Low
4.879216,0200,Body,8,95,0,3,0,1,0,1,255,0,Normal,Low
4.882951,0140,Steering,8,82,127,0,131,2,0,16,35,0,Normal,Low
4.888367,0260,ADAS,8,62,22,29,46,72,87,103,121,0,Normal,Low
4.88932,0200,Body,8,98,4,4,0,1,0,5,254,0,Normal,Low
4.890264,0280,ADAS,8,69,22,32,50,70,81,103,119,0,Normal,Low
4.891333,01A0,Battery,8,112,98,0,195,3,5,0,1,0,Normal,Low
4.899108,0160,Transmission,8,29,0,0,4,69,128,4,0,0,Normal,Low
4.906693,0280,ADAS,8,66,16,32,47,68,86,98,116,0,Normal,Low
4.910713,0240,Wheel,8,43,54,46,45,45,1,0,4,0,Normal,Low
4.914538,01A0,Battery,8,110,104,4,201,0,4,5,0,0,Normal,Low
4.918396,0120,Engine,8,11,140,55,1,95,4,254,1,0,Normal,Low
4.91967,0260,ADAS,8,59,13,35,48,67,84,105,121,0,Normal,Low
4.929207,0100,Engine,8,20,134,48,0,97,0,255,0,0,Normal,Low
4.93305,01C0,Battery,8,107,100,0,197,1,2,4,0,0,Normal,Low
4.942649,01C0,Battery,8,115,101,0,198,0,1,0,5,0,Normal,Low
4.947417,0140,Steering,8,82,133,0,132,4,0,13,34,0,Normal,Low
4.955268,0140,Steering,8,82,132,0,132,3,5,18,30,0,Normal,Low
4.963788,0200,Body,8,97,0,0,3,0,0,0,251,0,Normal,Low
4.968367,0100,Engine,8,17,134,51,5,103,0,250,1,0,Normal,Low
4.974048,0280,ADAS,8,60,15,35,49,70,84,107,114,0,Normal,Low
4.981027,00A0,ABS,8,44,0,104,97,0,3,175,182,0,Normal,Low
4.986523,0260,ADAS,8,68,18,38,51,67,83,106,122,0,Normal,Low
4.991528,0160,Transmission,8,35,1,0,0,68,123,4,0,0,Normal,Low
4.997686,0160,Transmission,8,29,0,0,7,60,128,0,0,0,Normal,Low
4.999726,0260,ADAS,8,60,14,36,55,63,84,106,120,0,Normal,Low
5.00755,01A0,Battery,8,107,96,2,197,0,0,0,0,0,Normal,Low
5.014517,00C0,ABS,8,44,0,96,101,5,0,171,190,0,Normal,Low
5.017264,0200,Body,8,101,5,1,1,0,0,0,252,0,Normal,Low
5.027051,0080,Airbag,8,96,255,2,255,0,254,0,255,0,Normal,Low
5.028104,0080,Airbag,8,94,255,5,252,0,252,0,250,0,Normal,Low
5.033067,00C0,ABS,8,44,0,104,97,0,0,167,185,0,Normal,Low
5.040445,0260,ADAS,8,62,14,32,46,71,90,104,119,0,Normal,Low
5.049671,01C0,Battery,8,117,103,0,204,0,0,2,0,0,Normal,Low
5.058292,0160,Transmission,8,32,2,0,1,60,128,5,0,0,Normal,Low
5.063027,01A0,Battery,8,114,98,0,200,1,0,0,0,0,Normal,Low
5.06583,0240,Wheel,8,45,45,45,51,53,0,0,2,0,Normal,Low
5.068002,0280,ADAS,8,59,20,38,56,73,83,101,124,0,Normal,Low
5.068713,0140,Steering,8,75,125,3,122,2,0,20,29,0,Normal,Low
5.074626,0280,ADAS,8,59,22,31,50,72,87,105,120,0,Normal,Low
5.076356,0180,Transmission,8,30,5,4,8,61,124,0,0,0,Normal,Low
5.081189,01C0,Battery,8,116,101,0,197,1,0,0,4,0,Normal,Low
5.085143,0080,Airbag,8,95,255,0,255,0,255,0,255,0,Normal,Low
5.086954,0160,Transmission,8,29,0,2,1,60,133,5,0,0,Normal,Low
5.091583,0240,Wheel,8,46,51,46,52,52,4,2,0,0,Normal,Low
5.100438,0180,Transmission,8,28,0,7,0,66,133,0,0,0,Normal,Low
5.108658,0100,Engine,8,21,139,50,0,104,0,255,4,0,Normal,Low
5.112494,0140,Steering,8,82,128,2,128,0,1,15,30,0,Normal,Low
5.12204,0200,Body,8,95,4,2,3,2,0,0,255,0,Normal,Low
5.128844,0220,Body,8,91,0,0,0,0,0,3,254,0,Normal,Low
5.13856,0240,Wheel,8,45,48,45,51,54,0,4,0,0,Normal,Low
5.14004,0240,Wheel,8,44,53,55,55,53,2,0,0,0,Normal,Low
5.147712,0100,Engine,8,17,133,47,0,100,0,255,0,0,Normal,Low
5.150365,0080,Airbag,8,94,255,2,254,1,255,0,255,0,Normal,Low
5.15223,0080,Airbag,8,98,255,0,254,0,250,3,254,0,Normal,Low
5.155913,0240,Wheel,8,45,46,55,53,45,0,0,4,0,Normal,Low
5.164981,0220,Body,8,100,0,3,3,1,1,1,254,0,Normal,Low
5.168949,0160,Transmission,8,28,0,1,0,65,130,0,3,0,Normal,Low
5.177391,0160,Transmission,8,32,5,2,1,69,131,5,0,0,Normal,Low
5.177957,0080,Airbag,8,92,255,0,255,4,253,2,251,0,Normal,Low
5.178921,0180,Transmission,8,32,2,0,0,59,132,5,0,0,Normal,Low
5.18766,00A0,ABS,8,50,0,102,96,0,3,172,191,0,Normal,Low
5.193443,01A0,Battery,8,110,95,0,203,0,0,0,2,0,Normal,Low
5.199959,01A0,Battery,8,112,99,0,204,1,2,0,5,0,Normal,Low
5.20269,0220,Body,8,92,4,2,1,1,5,0,255,0,Normal,Low
5.209703,0100,Engine,8,12,141,46,5,98,4,251,0,0,Normal,Low
5.213567,00C0,ABS,8,46,0,98,104,0,5,169,186,0,Normal,Low
5.215961,01C0,Battery,8,109,98,3,195,1,0,5,4,0,Normal,Low
5.225012,0130,Engine,8,19,137,52,0,104,3,255,5,0,Normal,Low
5.229784,00C0,ABS,8,44,0,103,102,5,1,170,192,0,Normal,Low
5.233702,01A0,Battery,8,112,95,1,200,0,0,4,0,0,Normal,Low
5.237172,0240,Wheel,8,44,54,50,48,53,3,0,5,0,Normal,Low
5.246182,0140,Steering,8,75,132,3,132,5,0,16,31,0,Normal,Low
5.253568,0260,ADAS,8,64,16,37,56,69,89,103,119,0,Normal,Low
5.26164,0100,Engine,8,21,139,45,4,98,1,255,2,0,Normal,Low
5.263363,0220,Body,8,97,0,0,3,5,0,2,254,0,Normal,Low
5.26665,00C0,ABS,8,45,3,97,105,1,0,169,188,0,Normal,Low
5.272326,0220,Body,8,91,1,1,3,5,5,0,253,0,Normal,Low
5.278173,0080,Airbag,8,95,251,0,255,5,255,0,255,0,Normal,Low
5.286145,01A0,Battery,8,111,105,5,205,4,3,0,0,0,Normal,Low
5.29109,0160,Transmission,8,37,2,4,1,60,132,4,4,0,Normal,Low
